Porter,paciente 1,paciente 2,paciente 1 end,paciente 2 start,Pickup,DropOff,Deposito,Depot 1,Depot 2,Depot 3,TOTAL
11,12,55,08:05:48,08:36:36,FALSE,FALSE,0,20,20,20,60
0,14,16,08:06:42,08:07:42,FALSE,FALSE,0,20,20,20,60
6,15,31,08:06:42,08:23:58,FALSE,FALSE,0,20,20,20,60
7,1,41,08:07:24,08:30:54,TRUE,FALSE,2,20,19,20,59
10,11,52,08:08:00,08:35:51,FALSE,FALSE,0,19,19,19,57
5,13,34,08:08:42,08:27:49,FALSE,FALSE,0,19,19,19,57
13,10,49,08:09:18,08:46:09,FALSE,FALSE,0,19,19,19,57
2,5,7,08:11:12,08:12:12,FALSE,FALSE,0,19,19,19,57
3,6,25,08:11:42,08:25:24,FALSE,FALSE,0,19,19,19,57
12,3,37,08:11:42,08:24:52,FALSE,FALSE,0,19,19,19,57
8,4,20,08:12:12,08:30:23,FALSE,FALSE,0,19,19,19,57
1,2,19,08:13:00,08:16:47,FALSE,TRUE,1,20,19,19,58
4,9,30,08:13:18,08:25:17,FALSE,FALSE,0,19,19,19,57
9,8,39,08:14:00,08:34:24,FALSE,FALSE,0,19,19,19,57
0,16,18,08:14:42,08:21:00,TRUE,FALSE,2,19,18,19,56
2,7,22,08:15:12,08:16:12,FALSE,FALSE,0,18,18,18,54
2,22,23,08:22:12,08:29:00,FALSE,FALSE,0,18,18,18,54
1,19,21,08:22:47,08:23:47,FALSE,FALSE,0,18,18,18,54
0,18,26,08:25:30,08:31:54,TRUE,FALSE,2,18,17,18,53
1,21,28,08:28:47,08:29:47,FALSE,FALSE,0,17,17,17,51
6,31,48,08:29:22,08:34:46,FALSE,FALSE,0,17,17,17,51
4,30,44,08:30:05,08:35:05,FALSE,FALSE,0,17,17,17,51
14,27,63,08:30:06,09:10:59,FALSE,FALSE,0,17,17,17,51
12,37,66,08:30:16,08:40:27,FALSE,FALSE,0,17,17,17,51
3,25,45,08:31:24,08:35:54,FALSE,FALSE,0,17,17,17,51
2,23,38,08:32:00,08:35:00,FALSE,FALSE,0,17,17,17,51
8,20,17,08:32:23,08:34:23,FALSE,FALSE,0,17,17,17,51
0,26,36,08:32:54,08:36:48,FALSE,FALSE,0,17,17,17,51
5,34,46,08:34:07,08:35:07,FALSE,FALSE,0,17,17,17,51
1,28,40,08:35:11,08:36:11,FALSE,FALSE,0,17,17,17,51
15,43,59,08:37:14,09:05:19,FALSE,FALSE,0,17,17,17,51
8,17,29,08:37:23,08:40:23,FALSE,FALSE,0,17,17,17,51
7,41,33,08:37:54,08:43:42,FALSE,TRUE,2,17,18,17,52
9,39,24,08:39:12,08:42:54,FALSE,FALSE,0,18,18,18,54
5,46,54,08:40:07,08:41:07,FALSE,FALSE,0,18,18,18,54
0,36,70,08:40:36,08:41:36,FALSE,FALSE,0,18,18,18,54
6,48,35,08:41:04,08:48:04,FALSE,FALSE,0,18,18,18,54
11,55,53,08:41:06,08:43:06,FALSE,FALSE,0,18,18,18,54
3,45,50,08:41:18,08:42:18,FALSE,FALSE,0,18,18,18,54
1,40,42,08:41:35,08:42:35,FALSE,FALSE,0,18,18,18,54
2,38,47,08:42:00,08:48:18,FALSE,FALSE,0,18,18,18,54
4,44,58,08:42:17,08:46:41,TRUE,FALSE,2,18,17,18,53
10,52,61,08:43:03,08:52:30,FALSE,FALSE,0,17,17,17,51
8,29,32,08:43:23,08:44:23,FALSE,FALSE,0,17,17,17,51
1,42,72,08:44:35,08:45:35,FALSE,FALSE,0,17,17,17,51
0,70,69,08:44:36,08:46:36,FALSE,FALSE,0,17,17,17,51
5,54,56,08:46:07,08:52:25,FALSE,FALSE,0,17,17,17,51
12,66,62,08:46:27,09:00:29,FALSE,FALSE,0,17,17,17,51
8,32,81,08:47:23,08:53:41,FALSE,FALSE,0,17,17,17,51
3,50,74,08:47:42,08:52:30,TRUE,FALSE,2,17,16,17,50
9,24,65,08:47:42,08:53:00,TRUE,FALSE,2,16,15,16,47
7,33,83,08:48:12,08:51:00,FALSE,FALSE,0,15,15,15,45
11,53,97,08:48:30,08:57:29,FALSE,FALSE,0,15,15,15,45
6,35,90,08:51:04,08:56:16,FALSE,FALSE,0,15,15,15,45
4,58,88,08:51:11,08:54:11,FALSE,TRUE,2,15,16,15,46
1,72,85,08:51:35,08:57:35,FALSE,FALSE,0,16,16,16,48
0,69,82,08:51:36,08:57:42,FALSE,FALSE,0,16,16,16,48
2,47,86,08:52:48,08:57:18,FALSE,FALSE,0,16,16,16,48
13,49,60,08:53:45,09:02:04,FALSE,FALSE,0,16,16,16,48
7,83,57,08:54:48,08:55:48,TRUE,FALSE,3,16,16,15,47
9,65,76,08:58:18,09:03:18,FALSE,FALSE,0,16,16,16,48
10,61,71,08:58:18,09:01:18,FALSE,FALSE,0,16,16,16,48
5,56,79,08:58:43,09:04:01,FALSE,FALSE,0,16,16,16,48
7,57,51,08:58:48,09:02:18,FALSE,TRUE,2,16,17,16,49
3,74,73,08:59:42,09:04:00,FALSE,TRUE,1,18,17,17,52
8,81,105,08:59:59,09:04:29,FALSE,FALSE,0,17,17,17,51
1,85,99,09:00:35,09:05:23,FALSE,FALSE,0,17,17,17,51
0,82,101,09:00:42,09:05:42,FALSE,FALSE,0,17,17,17,51
4,88,87,09:01:11,09:05:35,FALSE,FALSE,0,17,17,17,51
6,90,92,09:01:34,09:04:34,FALSE,FALSE,0,17,17,17,51
2,86,102,09:02:06,09:06:06,FALSE,FALSE,0,17,17,17,51
11,97,113,09:04:29,09:05:29,FALSE,FALSE,0,17,17,17,51
7,51,98,09:05:48,09:09:18,TRUE,FALSE,2,17,16,17,50
12,62,64,09:05:53,09:06:53,FALSE,FALSE,0,16,16,16,48
10,71,121,09:06:06,09:10:54,FALSE,FALSE,0,16,16,16,48
3,73,116,09:07:00,09:09:00,FALSE,FALSE,0,16,16,16,48
13,60,91,09:08:04,09:14:04,FALSE,FALSE,0,16,16,16,48
6,92,93,09:08:22,09:11:10,FALSE,FALSE,0,16,16,16,48
8,105,103,09:08:59,09:15:17,FALSE,FALSE,0,16,16,16,48
9,76,67,09:09:18,09:12:18,FALSE,FALSE,0,16,16,16,48
12,64,68,09:09:53,09:12:53,FALSE,FALSE,0,16,16,16,48
5,79,118,09:10:01,09:15:49,FALSE,FALSE,0,16,16,16,48
2,102,104,09:10:36,09:13:36,FALSE,FALSE,0,16,16,16,48
0,101,125,09:10:42,09:12:42,TRUE,FALSE,2,16,15,16,47
15,59,89,09:10:43,09:11:43,FALSE,FALSE,0,15,15,15,45
4,87,107,09:10:59,09:13:59,FALSE,FALSE,0,15,15,15,45
11,113,78,09:11:29,09:16:47,FALSE,FALSE,0,15,15,15,45
1,99,117,09:12:35,09:16:53,FALSE,FALSE,0,15,15,15,45
7,98,108,09:12:48,09:17:48,FALSE,TRUE,2,15,16,15,46
15,89,75,09:13:43,09:15:43,TRUE,FALSE,2,16,15,16,47
14,63,135,09:13:59,09:15:30,FALSE,FALSE,0,15,15,15,45
3,116,106,09:14:00,09:18:24,FALSE,FALSE,0,15,15,15,45
9,67,77,09:14:18,09:15:18,FALSE,FALSE,0,15,15,15,45
6,93,115,09:16:34,09:21:10,FALSE,FALSE,0,15,15,15,45
2,104,120,09:16:36,09:19:36,FALSE,FALSE,0,15,15,15,45
4,107,110,09:16:59,09:18:59,FALSE,FALSE,0,15,15,15,45
9,77,80,09:17:18,09:18:18,FALSE,FALSE,0,15,15,15,45
12,68,95,09:17:23,09:21:47,FALSE,TRUE,2,15,16,15,46
0,125,134,09:18:06,09:19:06,FALSE,FALSE,0,16,16,16,48
10,121,96,09:18:30,09:23:36,FALSE,FALSE,0,16,16,16,48
1,117,137,09:19:53,09:25:11,FALSE,FALSE,0,16,16,16,48
13,91,94,09:20:16,09:21:16,FALSE,FALSE,0,16,16,16,48
5,118,146,09:20:49,09:25:37,FALSE,FALSE,0,16,16,16,48
15,75,84,09:21:07,09:28:01,FALSE,FALSE,0,16,16,16,48
9,80,119,09:21:18,09:25:00,FALSE,FALSE,0,16,16,16,48
8,103,111,09:21:35,09:22:35,FALSE,FALSE,0,16,16,16,48
11,78,100,09:21:47,09:26:47,FALSE,FALSE,0,16,16,16,48
14,135,123,09:22:30,09:32:34,FALSE,FALSE,0,16,16,16,48
2,120,138,09:22:36,09:24:36,FALSE,FALSE,0,16,16,16,48
4,110,152,09:23:59,09:30:59,FALSE,FALSE,0,16,16,16,48
0,134,136,09:24:30,09:25:30,FALSE,FALSE,0,16,16,16,48
3,106,141,09:24:42,09:26:42,FALSE,FALSE,0,16,16,16,48
7,108,162,09:25:00,09:29:36,FALSE,FALSE,0,16,16,16,48
6,115,156,09:26:10,09:31:34,TRUE,FALSE,2,16,15,16,47
12,95,128,09:26:35,09:28:35,FALSE,FALSE,0,15,15,15,45
8,111,124,09:27:05,09:31:05,FALSE,FALSE,0,15,15,15,45
13,94,166,09:28:16,09:31:16,FALSE,FALSE,0,15,15,15,45
0,136,148,09:28:30,09:32:48,FALSE,FALSE,0,15,15,15,45
10,96,131,09:29:00,09:30:00,FALSE,FALSE,0,15,15,15,45
15,84,109,09:29:01,09:35:55,FALSE,TRUE,3,15,15,16,46
1,137,151,09:30:29,09:33:29,FALSE,FALSE,0,15,15,15,45
2,138,150,09:30:48,09:31:48,FALSE,FALSE,0,15,15,15,45
9,119,168,09:31:00,09:35:48,FALSE,FALSE,0,15,15,15,45
11,100,140,09:32:05,09:36:41,FALSE,FALSE,0,15,15,15,45
3,141,165,09:32:42,09:37:18,FALSE,FALSE,0,15,15,15,45
5,146,143,09:32:49,09:40:01,FALSE,FALSE,0,15,15,15,45
12,128,145,09:33:23,09:39:05,FALSE,FALSE,0,15,15,15,45
7,162,153,09:34:36,09:40:54,FALSE,FALSE,0,15,15,15,45
10,131,161,09:35:24,09:40:42,FALSE,FALSE,0,15,15,15,45
4,152,133,09:35:29,09:38:17,FALSE,FALSE,0,15,15,15,45
1,151,164,09:36:29,09:39:29,FALSE,FALSE,0,15,15,15,45
8,124,182,09:36:53,09:37:53,FALSE,FALSE,0,15,15,15,45
6,156,147,09:36:58,09:38:58,FALSE,FALSE,0,15,15,15,45
13,166,149,09:37:16,09:42:04,FALSE,FALSE,0,15,15,15,45
0,148,180,09:37:48,09:40:36,FALSE,FALSE,0,15,15,15,45
2,150,167,09:38:06,09:41:06,FALSE,FALSE,0,15,15,15,45
14,123,155,09:38:34,09:41:22,FALSE,FALSE,0,15,15,15,45
4,133,172,09:39:47,09:42:29,FALSE,FALSE,0,15,15,15,45
15,109,114,09:41:19,09:43:19,FALSE,FALSE,0,15,15,15,45
11,140,112,09:41:41,09:42:41,FALSE,FALSE,0,15,15,15,45
0,180,181,09:42:06,09:47:24,FALSE,FALSE,0,15,15,15,45
3,165,157,09:42:18,09:43:18,FALSE,FALSE,0,15,15,15,45
1,164,183,09:42:29,09:43:29,FALSE,FALSE,0,15,15,15,45
9,168,177,09:43:24,09:44:24,FALSE,FALSE,0,15,15,15,45
2,167,163,09:44:06,09:46:06,FALSE,FALSE,0,15,15,15,45
6,147,171,09:44:22,09:49:10,FALSE,FALSE,0,15,15,15,45
5,143,169,09:44:49,09:48:43,FALSE,FALSE,0,15,15,15,45
8,182,126,09:44:53,09:49:17,FALSE,FALSE,0,15,15,15,45
15,114,122,09:45:19,09:47:19,FALSE,FALSE,0,15,15,15,45
12,145,129,09:46:05,09:52:05,FALSE,FALSE,0,15,15,15,45
1,183,185,09:46:29,09:47:29,FALSE,FALSE,0,15,15,15,45
13,149,127,09:46:34,09:47:34,FALSE,FALSE,0,15,15,15,45
10,161,130,09:46:42,09:51:42,FALSE,FALSE,0,15,15,15,45
14,155,139,09:47:10,09:52:10,FALSE,FALSE,0,15,15,15,45
7,153,174,09:47:12,09:48:12,FALSE,FALSE,0,15,15,15,45
4,172,179,09:47:53,09:53:59,TRUE,FALSE,2,15,14,15,44
3,157,201,09:48:18,09:52:36,FALSE,FALSE,0,14,14,14,42
11,112,132,09:48:59,09:53:23,FALSE,FALSE,0,14,14,14,42
13,127,142,09:50:34,09:53:34,FALSE,FALSE,0,14,14,14,42
2,163,199,09:51:06,09:56:00,FALSE,FALSE,0,14,14,14,42
9,177,144,09:52:00,09:56:48,FALSE,FALSE,0,14,14,14,42
15,122,160,09:52:37,09:57:49,FALSE,TRUE,2,14,15,14,43
0,181,210,09:52:48,09:53:48,FALSE,FALSE,0,15,15,15,45
7,174,188,09:53:12,09:59:54,FALSE,FALSE,0,15,15,15,45
1,185,211,09:53:29,09:58:29,TRUE,FALSE,2,15,14,15,44
5,169,184,09:54:07,09:58:37,FALSE,FALSE,0,14,14,14,42
14,139,194,09:54:10,09:56:10,TRUE,FALSE,2,14,13,14,41
6,171,204,09:54:58,09:55:58,FALSE,FALSE,0,13,13,13,39
8,126,193,09:55:23,09:57:23,FALSE,FALSE,0,13,13,13,39
3,201,198,09:55:36,09:58:36,FALSE,FALSE,0,13,13,13,39
10,130,190,09:56:12,09:57:12,FALSE,FALSE,0,13,13,13,39
13,142,154,09:56:34,09:57:34,FALSE,FALSE,0,13,13,13,39
4,179,202,09:56:59,09:59:41,FALSE,TRUE,2,13,14,13,40
12,129,158,09:58:05,10:00:05,FALSE,FALSE,0,14,14,14,42
11,132,196,09:58:47,10:03:17,FALSE,FALSE,0,14,14,14,42
0,210,214,09:58:48,10:05:24,FALSE,FALSE,0,14,14,14,42
1,211,226,10:00:29,10:03:29,FALSE,TRUE,2,14,15,14,43
2,199,215,10:00:30,10:05:18,FALSE,FALSE,0,15,15,15,45
13,154,159,10:00:34,10:02:34,FALSE,FALSE,0,15,15,15,45
15,160,170,10:00:49,10:06:37,TRUE,FALSE,3,15,15,14,44
14,194,173,10:01:34,10:06:58,FALSE,FALSE,0,15,15,15,45
3,198,219,10:01:36,10:02:36,FALSE,FALSE,0,15,15,15,45
9,144,228,10:02:12,10:03:12,TRUE,FALSE,2,15,14,15,44
10,190,175,10:02:36,10:07:06,FALSE,FALSE,0,14,14,14,42
8,193,218,10:02:41,10:07:29,TRUE,FALSE,2,14,13,14,41
7,188,203,10:02:54,10:08:18,FALSE,FALSE,0,13,13,13,39
6,204,200,10:02:58,10:03:58,FALSE,FALSE,0,13,13,13,39
4,202,206,10:03:29,10:06:29,FALSE,FALSE,0,13,13,13,39
5,184,208,10:03:55,10:04:55,FALSE,FALSE,0,13,13,13,39
12,158,176,10:04:35,10:09:05,FALSE,FALSE,0,13,13,13,39
1,226,244,10:06:29,10:07:29,TRUE,FALSE,2,13,12,13,38
11,196,217,10:07:47,10:11:17,FALSE,TRUE,2,12,13,12,37
3,219,230,10:08:00,10:13:24,FALSE,FALSE,0,13,13,13,39
0,214,245,10:08:24,10:11:24,FALSE,FALSE,0,13,13,13,39
9,228,231,10:08:36,10:13:54,FALSE,TRUE,2,13,14,13,40
13,159,222,10:08:52,10:14:10,FALSE,FALSE,0,14,14,14,42
5,208,236,10:09:25,10:15:43,FALSE,FALSE,0,14,14,14,42
14,173,178,10:09:58,10:16:52,TRUE,FALSE,3,14,14,13,41
2,215,227,10:10:06,10:12:54,FALSE,FALSE,0,14,14,14,42
6,200,253,10:10:16,10:15:40,TRUE,FALSE,2,14,13,14,41
12,176,224,10:12:05,10:15:29,FALSE,FALSE,0,13,13,13,39
15,170,186,10:12:37,10:18:07,FALSE,TRUE,2,13,14,13,40
4,206,247,10:12:47,10:13:47,FALSE,FALSE,0,14,14,14,42
1,244,243,10:12:53,10:17:47,FALSE,TRUE,2,14,15,14,43
10,175,187,10:13:06,10:18:54,FALSE,FALSE,0,15,15,15,45
7,203,216,10:13:42,10:15:42,FALSE,FALSE,0,15,15,15,45
0,245,263,10:14:24,10:16:24,FALSE,FALSE,0,15,15,15,45
2,227,233,10:14:24,10:17:12,FALSE,FALSE,0,15,15,15,45
8,218,265,10:14:41,10:21:53,FALSE,TRUE,1,16,15,15,46
11,217,220,10:14:47,10:19:47,FALSE,FALSE,0,15,15,15,45
3,230,269,10:16:24,10:23:24,TRUE,FALSE,3,15,15,14,44
5,236,249,10:18:43,10:21:31,FALSE,FALSE,0,15,15,15,45
2,233,248,10:19:12,10:22:12,FALSE,FALSE,0,15,15,15,45
9,231,264,10:19:12,10:24:18,FALSE,FALSE,0,15,15,15,45
4,247,262,10:20:05,10:24:53,FALSE,FALSE,0,15,15,15,45
13,222,232,10:20:10,10:23:10,FALSE,FALSE,0,15,15,15,45
6,253,235,10:21:04,10:23:04,FALSE,TRUE,2,15,16,15,46
7,216,246,10:21:06,10:26:00,FALSE,FALSE,0,16,16,16,48
14,178,240,10:22:16,10:23:16,FALSE,FALSE,0,16,16,16,48
1,243,260,10:22:17,10:24:17,FALSE,FALSE,0,16,16,16,48
0,263,268,10:22:24,10:27:12,FALSE,FALSE,0,16,16,16,48
12,224,191,10:23:05,10:28:47,FALSE,FALSE,0,16,16,16,48
15,186,189,10:23:31,10:26:13,FALSE,TRUE,2,16,17,16,49
10,187,239,10:23:54,10:26:54,FALSE,FALSE,0,17,17,17,51
11,220,192,10:24:47,10:27:47,FALSE,FALSE,0,17,17,17,51
2,248,276,10:25:12,10:28:12,TRUE,FALSE,2,17,16,17,50
5,249,257,10:25:19,10:28:19,FALSE,FALSE,0,16,16,16,48
15,189,195,10:27:43,10:33:31,TRUE,FALSE,2,16,15,16,47
6,235,259,10:28:04,10:32:40,FALSE,FALSE,0,15,15,15,45
14,240,278,10:28:34,10:29:34,FALSE,FALSE,0,15,15,15,45
8,265,267,10:29:05,10:30:05,FALSE,FALSE,0,15,15,15,45
13,232,205,10:29:10,10:34:28,FALSE,FALSE,0,15,15,15,45
4,262,252,10:29:41,10:32:29,FALSE,FALSE,0,15,15,15,45
3,269,284,10:29:42,10:34:42,FALSE,TRUE,2,15,16,15,46
10,239,256,10:29:54,10:30:54,FALSE,FALSE,0,16,16,16,48
1,260,279,10:30:17,10:36:17,FALSE,FALSE,0,16,16,16,48
7,246,285,10:30:30,10:32:30,FALSE,FALSE,0,16,16,16,48
11,192,266,10:30:47,10:32:47,FALSE,FALSE,0,16,16,16,48
9,264,272,10:31:18,10:36:12,FALSE,FALSE,0,16,16,16,48
5,257,261,10:31:19,10:32:19,FALSE,FALSE,0,16,16,16,48
0,268,277,10:31:42,10:33:42,FALSE,FALSE,0,16,16,16,48
4,252,275,10:33:59,10:39:17,FALSE,FALSE,0,16,16,16,48
14,278,197,10:34:52,10:35:52,FALSE,FALSE,0,16,16,16,48
8,267,207,10:35:05,10:37:05,FALSE,FALSE,0,16,16,16,48
2,276,280,10:35:12,10:41:30,FALSE,TRUE,2,16,17,16,49
5,261,295,10:35:19,10:38:19,FALSE,FALSE,0,17,17,17,51
12,191,209,10:35:47,10:38:47,FALSE,FALSE,0,17,17,17,51
10,256,229,10:37:12,10:44:12,TRUE,FALSE,2,17,16,17,50
6,259,288,10:37:40,10:42:58,FALSE,FALSE,0,16,16,16,48
11,266,225,10:38:11,10:39:11,FALSE,FALSE,0,16,16,16,48
0,277,305,10:38:30,10:43:18,FALSE,FALSE,0,16,16,16,48
7,285,281,10:38:30,10:43:06,FALSE,FALSE,0,16,16,16,48
15,195,213,10:38:31,10:39:31,FALSE,TRUE,2,16,17,16,49
13,205,223,10:38:58,10:43:28,FALSE,FALSE,0,17,17,17,51
3,284,294,10:39:42,10:46:00,FALSE,FALSE,0,17,17,17,51
8,207,221,10:40:05,10:43:05,FALSE,FALSE,0,17,17,17,51
14,197,212,10:40:52,10:41:52,FALSE,TRUE,2,17,18,17,52
5,295,297,10:41:19,10:46:43,FALSE,FALSE,0,18,18,18,54
9,272,312,10:41:36,10:46:24,FALSE,FALSE,0,18,18,18,54
1,279,296,10:42:17,10:47:05,FALSE,FALSE,0,18,18,18,54
2,280,298,10:43:30,10:46:30,FALSE,FALSE,0,18,18,18,54
11,225,286,10:44:35,10:47:35,FALSE,FALSE,0,18,18,18,54
4,275,307,10:44:41,10:46:41,TRUE,FALSE,2,18,17,18,53
15,213,241,10:44:55,10:49:31,FALSE,TRUE,2,17,18,17,52
12,209,238,10:45:05,10:46:05,FALSE,FALSE,0,18,18,18,54
0,305,317,10:45:18,10:48:18,FALSE,FALSE,0,18,18,18,54
13,223,237,10:46:28,10:49:28,FALSE,FALSE,0,18,18,18,54
14,212,234,10:46:52,10:47:52,FALSE,FALSE,0,18,18,18,54
8,221,309,10:48:05,10:52:41,TRUE,FALSE,2,18,17,18,53
7,281,283,10:48:06,10:51:06,FALSE,FALSE,0,17,17,17,51
6,288,310,10:48:58,10:51:58,FALSE,FALSE,0,17,17,17,51
2,298,299,10:49:30,10:52:12,TRUE,FALSE,2,17,16,17,50
11,286,292,10:50:35,10:53:35,TRUE,FALSE,2,16,15,16,47
10,229,306,10:51:12,10:56:36,FALSE,FALSE,0,15,15,15,45
0,317,313,10:51:18,10:52:18,FALSE,FALSE,0,15,15,15,45
1,296,316,10:51:35,10:53:35,FALSE,FALSE,0,15,15,15,45
5,297,332,10:52:07,10:54:07,FALSE,FALSE,0,15,15,15,45
3,294,326,10:52:18,10:55:18,FALSE,FALSE,0,15,15,15,45
4,307,329,10:52:41,10:58:41,FALSE,FALSE,0,15,15,15,45
12,238,242,10:53:05,10:58:53,FALSE,FALSE,0,15,15,15,45
14,234,250,10:53:16,10:54:16,FALSE,TRUE,2,15,16,15,46
9,312,314,10:53:36,11:00:36,FALSE,FALSE,0,16,16,16,48
2,299,338,10:53:42,10:56:24,FALSE,TRUE,2,16,17,16,49
7,283,339,10:54:06,10:59:06,FALSE,FALSE,0,17,17,17,51
13,237,251,10:54:52,10:55:52,FALSE,FALSE,0,17,17,17,51
15,241,324,10:55:31,10:58:31,TRUE,FALSE,3,17,17,16,50
11,292,323,10:56:35,10:59:35,FALSE,FALSE,0,17,17,17,51
8,309,302,10:57:29,10:58:29,FALSE,TRUE,2,17,18,17,52
0,313,327,10:57:42,11:03:06,FALSE,FALSE,0,18,18,18,54
6,310,311,10:57:58,11:04:46,FALSE,FALSE,0,18,18,18,54
1,316,341,10:58:47,11:04:05,FALSE,FALSE,0,18,18,18,54
14,250,319,10:59:40,11:04:58,FALSE,FALSE,0,18,18,18,54
5,332,346,11:00:07,11:05:07,FALSE,FALSE,0,18,18,18,54
13,251,254,11:01:16,11:02:16,FALSE,TRUE,2,18,19,18,55
10,306,255,11:01:36,11:02:36,FALSE,TRUE,2,19,20,19,58
2,338,343,11:01:48,11:06:42,FALSE,FALSE,0,20,20,20,60
3,326,328,11:02:18,11:07:36,FALSE,FALSE,0,20,20,20,60
8,302,271,11:02:59,11:07:29,FALSE,FALSE,0,20,20,20,60
15,324,273,11:03:19,11:08:07,FALSE,TRUE,2,20,21,20,61
4,329,322,11:03:41,11:04:41,FALSE,FALSE,0,21,21,21,63
7,339,344,11:04:06,11:09:30,FALSE,FALSE,0,21,21,21,63
12,242,258,11:04:53,11:06:53,TRUE,FALSE,2,21,20,21,62
0,327,342,11:05:06,11:08:06,FALSE,FALSE,0,20,20,20,60
13,254,270,11:05:16,11:08:16,FALSE,FALSE,0,20,20,20,60
6,311,337,11:05:46,11:08:46,FALSE,FALSE,0,20,20,20,60
11,323,282,11:06:35,11:12:53,FALSE,FALSE,0,20,20,20,60
5,346,334,11:06:37,11:09:25,FALSE,FALSE,0,20,20,20,60
10,255,359,11:07:06,11:11:24,FALSE,FALSE,0,20,20,20,60
9,314,330,11:07:36,11:12:42,TRUE,FALSE,1,19,20,20,59
12,258,362,11:08:53,11:13:29,FALSE,FALSE,0,20,20,20,60
4,322,360,11:10:05,11:11:05,FALSE,FALSE,0,20,20,20,60
1,341,345,11:10:23,11:13:23,FALSE,FALSE,0,20,20,20,60
14,319,340,11:10:58,11:15:34,FALSE,FALSE,0,20,20,20,60
0,342,354,11:11:06,11:13:06,FALSE,FALSE,0,20,20,20,60
2,343,356,11:11:12,11:16:00,TRUE,FALSE,2,20,19,20,59
13,270,274,11:11:16,11:15:10,TRUE,FALSE,3,19,19,18,56
15,273,287,11:11:37,11:15:07,FALSE,FALSE,0,19,19,19,57
8,271,293,11:12:17,11:16:29,FALSE,FALSE,0,19,19,19,57
3,328,357,11:12:54,11:14:54,FALSE,FALSE,0,19,19,19,57
6,337,301,11:13:46,11:18:46,FALSE,FALSE,0,19,19,19,57
9,330,289,11:14:42,11:15:42,FALSE,TRUE,2,19,20,19,58
5,334,335,11:14:43,11:15:43,FALSE,FALSE,0,20,20,20,60
7,344,291,11:14:54,11:16:54,FALSE,FALSE,0,20,20,20,60
11,282,290,11:15:53,11:16:53,FALSE,FALSE,0,20,20,20,60
1,345,358,11:16:23,11:19:23,FALSE,FALSE,0,20,20,20,60
4,360,300,11:16:29,11:17:29,FALSE,FALSE,0,20,20,20,60
9,289,303,11:17:42,11:18:42,FALSE,FALSE,0,20,20,20,60
12,362,304,11:17:59,11:19:59,FALSE,FALSE,0,20,20,20,60
0,354,371,11:18:06,11:23:30,FALSE,FALSE,0,20,20,20,60
10,359,321,11:18:36,11:19:36,FALSE,FALSE,0,20,20,20,60
14,340,315,11:20:04,11:22:04,FALSE,FALSE,0,20,20,20,60
15,287,375,11:20:25,11:21:25,FALSE,FALSE,0,20,20,20,60
11,290,318,11:20:41,11:23:29,FALSE,FALSE,0,20,20,20,60
2,356,377,11:20:48,11:21:48,FALSE,TRUE,2,20,21,20,61
3,357,361,11:20:54,11:26:54,FALSE,FALSE,0,21,21,21,63
13,274,331,11:20:58,11:21:58,FALSE,FALSE,0,21,21,21,63
8,293,353,11:20:59,11:21:59,FALSE,FALSE,0,21,21,21,63
5,335,373,11:21:43,11:22:43,FALSE,FALSE,0,21,21,21,63
6,301,308,11:21:46,11:22:46,TRUE,FALSE,3,21,21,20,62
7,291,325,11:22:18,11:23:18,TRUE,FALSE,2,21,20,21,62
1,358,376,11:22:23,11:24:23,FALSE,FALSE,0,20,20,20,60
4,300,349,11:22:53,11:23:53,TRUE,FALSE,2,20,19,20,59
12,304,336,11:22:59,11:26:16,FALSE,FALSE,0,19,19,19,57
2,377,379,11:23:48,11:24:48,TRUE,FALSE,2,19,18,19,56
14,315,320,11:24:04,11:25:04,FALSE,TRUE,2,18,19,18,55
9,303,350,11:25:00,11:31:18,FALSE,FALSE,0,19,19,19,57
6,308,382,11:25:46,11:32:04,FALSE,TRUE,2,19,20,19,58
15,375,403,11:26:43,11:38:50,TRUE,FALSE,2,20,19,20,59
10,321,333,11:26:48,11:27:48,FALSE,FALSE,0,19,19,19,57
4,349,365,11:26:53,11:31:53,FALSE,FALSE,0,19,19,19,57
8,353,347,11:27:23,11:28:23,TRUE,FALSE,2,19,18,19,56
13,331,390,11:27:46,11:30:48,FALSE,TRUE,2,18,19,18,55
14,320,395,11:28:04,11:31:46,TRUE,FALSE,3,19,19,18,56
12,336,363,11:28:16,11:33:34,FALSE,FALSE,0,19,19,19,57
11,318,352,11:28:17,11:33:05,FALSE,FALSE,0,19,19,19,57
0,371,374,11:28:18,11:33:06,FALSE,FALSE,0,19,19,19,57
7,325,378,11:28:42,11:33:42,FALSE,TRUE,2,19,20,19,58
3,361,391,11:28:54,11:35:12,FALSE,FALSE,0,20,20,20,60
5,373,369,11:29:43,11:34:07,FALSE,FALSE,0,20,20,20,60
1,376,388,11:30:35,11:31:35,FALSE,FALSE,0,20,20,20,60
2,379,381,11:30:48,11:35:36,FALSE,TRUE,2,20,21,20,61
10,333,348,11:32:36,11:34:36,FALSE,FALSE,0,21,21,21,63
8,347,370,11:33:47,11:36:47,FALSE,TRUE,2,21,22,21,64
0,374,406,11:35:06,11:39:54,FALSE,FALSE,0,22,22,22,66
13,390,351,11:35:18,11:37:18,FALSE,FALSE,0,22,22,22,66
4,365,397,11:36:23,11:41:41,FALSE,FALSE,0,22,22,22,66
11,352,469,11:37:35,12:35:21,FALSE,FALSE,0,22,22,22,66
9,350,366,11:37:36,11:42:54,FALSE,FALSE,0,22,22,22,66
10,348,355,11:37:36,11:38:36,FALSE,TRUE,3,22,22,23,67
1,388,389,11:37:53,11:40:53,FALSE,FALSE,0,22,22,22,66
7,378,364,11:38:42,11:41:42,TRUE,FALSE,2,22,21,22,65
14,395,441,11:38:46,12:06:15,FALSE,TRUE,2,21,22,21,64
6,382,387,11:39:04,11:44:04,TRUE,FALSE,3,22,22,21,65
5,369,380,11:39:31,11:42:31,FALSE,FALSE,0,22,22,22,66
12,363,368,11:39:34,11:44:34,FALSE,TRUE,2,22,23,22,67
8,370,372,11:39:47,11:45:11,TRUE,FALSE,2,23,22,23,68
13,351,432,11:40:18,12:20:57,FALSE,FALSE,0,22,22,22,66
2,381,392,11:40:24,11:43:24,FALSE,FALSE,0,22,22,22,66
3,391,409,11:41:30,11:46:18,FALSE,FALSE,0,22,22,22,66
10,355,367,11:41:36,11:44:36,FALSE,FALSE,0,22,22,22,66
15,403,528,11:43:50,13:39:42,FALSE,FALSE,0,22,22,22,66
1,389,404,11:43:53,11:45:53,FALSE,FALSE,0,22,22,22,66
7,364,394,11:44:42,11:50:06,FALSE,TRUE,2,22,23,22,67
5,380,393,11:45:31,11:48:19,FALSE,FALSE,0,23,23,23,69
10,367,444,11:45:36,12:21:51,FALSE,FALSE,0,23,23,23,69
2,392,407,11:46:24,11:47:24,FALSE,FALSE,0,23,23,23,69
4,397,412,11:46:59,11:51:29,FALSE,TRUE,2,23,24,23,70
0,406,411,11:47:30,11:50:54,FALSE,FALSE,0,24,24,24,72
6,387,400,11:48:34,11:49:34,FALSE,FALSE,0,24,24,24,72
9,366,386,11:48:54,11:54:54,FALSE,FALSE,0,24,24,24,72
5,393,396,11:49:49,11:52:37,TRUE,FALSE,2,24,23,24,71
8,372,384,11:50:35,11:51:35,FALSE,FALSE,0,23,23,23,69
12,368,483,11:51:46,13:08:57,TRUE,FALSE,2,23,22,23,68
1,404,422,11:51:53,11:52:53,FALSE,FALSE,0,22,22,22,66
3,409,398,11:52:06,11:55:06,FALSE,FALSE,0,22,22,22,66
2,407,420,11:52:48,11:58:54,TRUE,FALSE,2,22,21,22,65
0,411,417,11:53:54,11:56:54,FALSE,FALSE,0,21,21,21,63
6,400,385,11:54:58,11:55:58,FALSE,FALSE,0,21,21,21,63
7,394,383,11:55:30,11:57:30,FALSE,FALSE,0,21,21,21,63
5,396,405,11:55:37,11:57:49,FALSE,FALSE,0,21,21,21,63
4,412,413,11:55:59,12:01:17,FALSE,FALSE,0,21,21,21,63
8,384,399,11:56:53,12:04:54,FALSE,FALSE,0,21,21,21,63
3,398,415,11:58:06,12:02:24,FALSE,FALSE,0,21,21,21,63
1,422,425,11:58:11,12:03:11,FALSE,FALSE,0,21,21,21,63
7,383,401,11:59:30,12:01:30,FALSE,FALSE,0,21,21,21,63
0,417,437,11:59:54,12:04:24,TRUE,FALSE,2,21,20,21,62
9,386,402,11:59:54,12:04:14,TRUE,FALSE,2,20,19,20,59
5,405,428,12:00:49,12:05:37,FALSE,FALSE,0,19,19,19,57
6,385,419,12:02:04,12:07:04,FALSE,FALSE,0,19,19,19,57
7,401,423,12:04:30,12:07:30,FALSE,FALSE,0,19,19,19,57
2,420,438,12:05:54,12:06:54,FALSE,FALSE,0,19,19,19,57
9,402,410,12:07:14,12:09:14,FALSE,TRUE,2,19,20,19,58
4,413,440,12:07:17,12:10:05,FALSE,FALSE,0,20,20,20,60
1,425,424,12:08:11,12:09:11,FALSE,FALSE,0,20,20,20,60
0,437,436,12:08:54,12:11:54,FALSE,FALSE,0,20,20,20,60
8,399,408,12:09:24,12:11:54,FALSE,FALSE,0,20,20,20,60
3,415,431,12:09:36,12:15:18,FALSE,FALSE,0,20,20,20,60
5,428,435,12:10:25,12:16:43,FALSE,FALSE,0,20,20,20,60
1,424,426,12:11:11,12:12:11,FALSE,FALSE,0,20,20,20,60
14,441,569,12:11:39,13:37:42,FALSE,FALSE,0,20,20,20,60
6,419,439,12:12:28,12:15:28,FALSE,FALSE,0,20,20,20,60
2,438,453,12:13:12,12:18:00,TRUE,FALSE,2,20,19,20,59
8,408,414,12:13:24,12:16:12,FALSE,FALSE,0,19,19,19,57
7,423,416,12:13:42,12:18:06,FALSE,FALSE,0,19,19,19,57
9,410,421,12:14:38,12:20:02,FALSE,FALSE,0,19,19,19,57
0,436,451,12:14:54,12:16:54,FALSE,FALSE,0,19,19,19,57
4,440,455,12:15:53,12:21:41,FALSE,FALSE,0,19,19,19,57
1,426,454,12:18:11,12:23:23,FALSE,FALSE,0,19,19,19,57
6,439,458,12:18:28,12:20:28,TRUE,FALSE,2,19,18,19,56
8,414,418,12:19:12,12:23:06,TRUE,FALSE,3,18,18,17,53
3,431,445,12:21:30,12:23:30,FALSE,FALSE,0,18,18,18,54
0,451,457,12:22:54,12:28:06,FALSE,TRUE,2,18,19,18,55
13,432,510,12:22:57,13:16:56,FALSE,FALSE,0,19,19,19,57
5,435,447,12:23:01,12:24:01,FALSE,TRUE,2,19,20,19,58
9,421,434,12:23:02,12:26:02,FALSE,FALSE,0,20,20,20,60
7,416,450,12:23:30,12:28:30,FALSE,FALSE,0,20,20,20,60
8,418,427,12:24:36,12:27:24,FALSE,TRUE,2,20,21,20,61
2,453,449,12:25:36,12:30:48,FALSE,TRUE,1,22,21,21,64
6,458,433,12:25:58,12:31:22,FALSE,TRUE,2,21,22,21,64
3,445,452,12:26:30,12:27:30,TRUE,FALSE,3,22,22,21,65
10,444,470,12:27:15,12:34:06,FALSE,FALSE,0,22,22,22,66
4,455,430,12:27:41,12:29:41,FALSE,FALSE,0,22,22,22,66
1,454,456,12:28:47,12:33:35,FALSE,FALSE,0,22,22,22,66
9,434,442,12:29:02,12:30:02,FALSE,FALSE,0,22,22,22,66
5,447,446,12:30:19,12:36:37,FALSE,FALSE,0,22,22,22,66
3,452,429,12:30:30,12:32:30,FALSE,TRUE,2,22,23,22,67
2,449,464,12:32:18,12:35:30,FALSE,FALSE,0,23,23,23,69
8,427,461,12:32:48,12:49:02,FALSE,TRUE,2,23,24,23,70
0,457,468,12:33:30,12:38:54,FALSE,FALSE,0,24,24,24,72
7,450,443,12:33:30,12:34:30,FALSE,FALSE,0,24,24,24,72
3,429,474,12:34:30,12:37:30,FALSE,FALSE,0,24,24,24,72
4,430,467,12:34:59,12:40:59,TRUE,FALSE,2,24,23,24,71
6,433,448,12:36:22,12:41:22,FALSE,FALSE,0,23,23,23,69
9,442,462,12:37:02,12:48:23,FALSE,FALSE,0,23,23,23,69
7,443,463,12:39:00,12:44:50,FALSE,TRUE,2,23,24,23,70
1,456,472,12:39:23,12:45:23,FALSE,FALSE,0,24,24,24,72
10,470,465,12:40:06,12:58:16,FALSE,FALSE,0,24,24,24,72
3,474,466,12:40:30,12:45:54,FALSE,FALSE,0,24,24,24,72
11,469,460,12:40:39,12:50:55,FALSE,FALSE,0,24,24,24,72
5,446,459,12:41:07,12:43:07,FALSE,FALSE,0,24,24,24,72
2,464,471,12:41:18,12:46:06,FALSE,FALSE,0,24,24,24,72
0,468,487,12:41:54,12:45:12,FALSE,FALSE,0,24,24,24,72
6,448,473,12:44:22,12:45:22,FALSE,FALSE,0,24,24,24,72
5,459,477,12:47:37,12:50:37,TRUE,FALSE,2,24,23,24,71
4,467,488,12:47:59,12:52:23,FALSE,TRUE,2,23,24,23,70
2,471,482,12:48:06,12:50:06,TRUE,FALSE,2,24,23,24,71
6,473,485,12:48:22,12:54:40,FALSE,FALSE,0,23,23,23,69
0,487,486,12:49:00,12:50:00,FALSE,FALSE,0,23,23,23,69
7,463,492,12:50:14,12:53:14,TRUE,FALSE,2,23,22,23,68
1,472,498,12:50:23,12:52:23,TRUE,FALSE,2,22,21,22,65
3,466,490,12:51:18,12:53:18,TRUE,FALSE,2,21,20,21,62
0,486,489,12:53:00,12:56:00,FALSE,FALSE,0,20,20,20,60
5,477,502,12:53:37,12:57:07,FALSE,TRUE,2,20,21,20,61
9,462,481,12:54:23,12:56:23,FALSE,FALSE,0,21,21,21,63
2,482,504,12:55:30,13:00:54,FALSE,TRUE,2,21,22,21,64
11,460,491,12:55:55,13:00:50,FALSE,FALSE,0,22,22,22,66
8,461,484,12:56:38,13:00:56,FALSE,FALSE,0,22,22,22,66
4,488,480,12:57:47,12:59:47,FALSE,FALSE,0,22,22,22,66
3,490,506,12:58:06,13:02:06,FALSE,FALSE,0,22,22,22,66
1,498,503,12:58:23,13:03:11,FALSE,TRUE,2,22,23,22,67
0,489,501,12:59:00,13:00:00,FALSE,FALSE,0,23,23,23,69
7,492,476,13:00:14,13:01:14,FALSE,TRUE,2,23,24,23,70
5,502,497,13:00:37,13:05:37,FALSE,FALSE,0,24,24,24,72
6,485,475,13:00:58,13:05:46,FALSE,FALSE,0,24,24,24,72
10,465,514,13:01:16,13:02:16,FALSE,FALSE,0,24,24,24,72
9,481,479,13:01:23,13:06:47,FALSE,FALSE,0,24,24,24,72
4,480,495,13:01:47,13:06:47,FALSE,FALSE,0,24,24,24,72
0,501,508,13:05:24,13:11:30,TRUE,FALSE,2,24,23,24,71
8,484,500,13:05:26,13:10:14,FALSE,FALSE,0,23,23,23,69
11,491,478,13:06:14,13:07:14,FALSE,TRUE,2,23,24,23,70
2,504,517,13:06:18,13:12:24,FALSE,FALSE,0,24,24,24,72
3,506,518,13:06:36,13:07:36,FALSE,TRUE,2,24,25,24,73
7,476,507,13:08:14,13:15:14,FALSE,FALSE,0,25,25,25,75
10,514,493,13:09:16,13:15:34,FALSE,FALSE,0,25,25,25,75
3,518,519,13:09:36,13:15:24,FALSE,FALSE,0,25,25,25,75
1,503,520,13:10:23,13:15:23,FALSE,FALSE,0,25,25,25,75
6,475,505,13:10:34,13:15:34,FALSE,FALSE,0,25,25,25,75
5,497,524,13:10:37,13:13:37,TRUE,FALSE,2,25,24,25,74
12,483,496,13:11:57,13:13:57,FALSE,FALSE,0,24,24,24,72
11,478,494,13:12:32,13:17:44,FALSE,FALSE,0,24,24,24,72
4,495,523,13:12:35,13:15:23,FALSE,FALSE,0,24,24,24,72
9,479,509,13:12:59,13:17:59,FALSE,FALSE,0,24,24,24,72
0,508,534,13:14:30,13:17:12,FALSE,TRUE,2,24,25,24,73
8,500,521,13:15:02,13:18:02,FALSE,FALSE,0,25,25,25,75
5,524,537,13:16:37,13:19:25,FALSE,TRUE,2,25,26,25,76
2,517,532,13:18:24,13:23:42,TRUE,FALSE,2,26,25,26,77
12,496,522,13:19:21,13:24:09,FALSE,FALSE,0,25,25,25,75
1,520,531,13:20:23,13:25:17,TRUE,FALSE,2,25,24,25,74
3,519,525,13:20:24,13:21:24,FALSE,FALSE,0,24,24,24,72
6,505,512,13:20:34,13:25:58,FALSE,FALSE,0,24,24,24,72
11,494,513,13:20:44,13:32:24,FALSE,FALSE,0,24,24,24,72
5,537,499,13:20:55,13:24:49,TRUE,FALSE,2,24,23,24,71
0,534,536,13:21:00,13:22:00,FALSE,FALSE,0,23,23,23,69
8,521,548,13:21:02,13:24:27,TRUE,FALSE,2,23,22,23,68
4,523,516,13:21:23,13:22:23,TRUE,FALSE,2,22,21,22,65
7,507,526,13:21:32,13:26:38,FALSE,TRUE,2,21,22,21,64
10,493,541,13:21:52,13:44:23,FALSE,FALSE,0,22,22,22,66
13,510,544,13:22:56,13:47:06,FALSE,FALSE,0,22,22,22,66
9,509,511,13:23:23,13:26:23,FALSE,FALSE,0,22,22,22,66
0,536,540,13:25:00,13:27:00,FALSE,FALSE,0,22,22,22,66
3,525,549,13:26:42,13:34:30,FALSE,FALSE,0,22,22,22,66
4,516,527,13:27:41,13:29:41,FALSE,FALSE,0,22,22,22,66
5,499,535,13:27:49,13:33:13,FALSE,FALSE,0,22,22,22,66
12,522,515,13:28:57,13:31:27,FALSE,FALSE,0,22,22,22,66
0,540,547,13:29:00,13:33:48,FALSE,FALSE,0,22,22,22,66
1,531,551,13:29:47,13:31:47,FALSE,TRUE,2,22,23,22,67
2,532,552,13:30:00,13:35:00,FALSE,FALSE,0,23,23,23,69
8,548,538,13:30:27,13:34:57,FALSE,FALSE,0,23,23,23,69
6,512,542,13:31:22,13:32:22,FALSE,FALSE,0,23,23,23,69
4,527,564,13:31:41,13:34:41,FALSE,FALSE,0,23,23,23,69
9,511,529,13:32:11,13:36:59,FALSE,FALSE,0,23,23,23,69
7,526,550,13:32:38,13:38:26,FALSE,FALSE,0,23,23,23,69
12,515,533,13:34:27,13:40:19,TRUE,FALSE,3,23,23,22,68
6,542,543,13:35:22,13:36:22,FALSE,FALSE,0,23,23,23,69
1,551,565,13:37:11,13:42:35,FALSE,FALSE,0,23,23,23,69
11,513,530,13:37:24,13:45:19,TRUE,FALSE,2,23,22,23,68
0,547,562,13:38:36,13:40:36,TRUE,FALSE,2,22,21,22,65
5,535,566,13:38:37,13:43:37,FALSE,FALSE,0,21,21,21,63
9,529,563,13:39:59,13:46:41,TRUE,FALSE,3,21,21,20,62
2,552,580,13:40:00,13:43:00,FALSE,FALSE,0,21,21,21,63
6,543,546,13:40:10,13:44:04,TRUE,FALSE,2,21,20,21,62
8,538,556,13:40:21,13:45:45,FALSE,TRUE,2,20,21,20,61
4,564,568,13:40:41,13:47:29,FALSE,FALSE,0,21,21,21,63
3,549,583,13:41:30,13:46:30,FALSE,FALSE,0,21,21,21,63
14,569,555,13:42:42,13:45:42,FALSE,FALSE,0,21,21,21,63
12,533,579,13:43:19,13:49:37,FALSE,TRUE,2,21,22,21,64
1,565,582,13:44:35,13:50:47,FALSE,FALSE,0,22,22,22,66
15,528,561,13:44:42,13:57:48,FALSE,FALSE,0,22,22,22,66
0,562,581,13:45:24,13:49:48,FALSE,TRUE,2,22,23,22,67
7,550,558,13:45:38,13:46:38,FALSE,FALSE,0,23,23,23,69
2,580,585,13:46:00,13:51:24,TRUE,FALSE,2,23,22,23,68
6,546,575,13:47:04,13:52:28,FALSE,TRUE,2,22,23,22,67
11,530,539,13:48:19,13:49:19,FALSE,TRUE,2,23,24,23,70
5,566,560,13:48:37,13:49:37,FALSE,FALSE,0,24,24,24,72
14,555,567,13:48:42,13:51:19,FALSE,FALSE,0,24,24,24,72
3,583,598,13:49:30,13:50:30,FALSE,FALSE,0,24,24,24,72
4,568,597,13:50:29,13:55:17,FALSE,FALSE,0,24,24,24,72
10,541,553,13:50:41,13:56:29,TRUE,FALSE,2,24,23,24,71
8,556,574,13:51:09,13:53:09,FALSE,FALSE,0,23,23,23,69
9,563,578,13:51:59,13:56:29,FALSE,FALSE,0,23,23,23,69
11,539,545,13:52:19,13:55:19,FALSE,TRUE,3,23,23,24,70
13,544,559,13:52:30,13:53:30,FALSE,FALSE,0,23,23,23,69
7,558,577,13:53:50,13:59:38,TRUE,FALSE,2,23,22,23,68
0,581,584,13:54:18,13:57:06,FALSE,FALSE,0,22,22,22,66
5,560,603,13:54:37,14:01:37,TRUE,FALSE,1,21,22,22,65
3,598,601,13:55:54,14:01:18,FALSE,FALSE,0,22,22,22,66
12,579,557,13:55:55,13:57:55,FALSE,FALSE,0,22,22,22,66
1,582,593,13:56:11,13:59:11,TRUE,FALSE,2,22,21,22,65
14,567,613,13:56:19,14:01:57,FALSE,FALSE,0,21,21,21,63
2,585,599,13:56:48,14:01:48,FALSE,TRUE,2,21,22,21,64
8,574,570,13:58:09,14:03:57,TRUE,FALSE,2,22,21,22,65
11,545,554,13:58:19,14:01:19,FALSE,FALSE,0,21,21,21,63
6,575,588,13:58:34,14:03:40,TRUE,FALSE,2,21,20,21,62
0,584,600,13:58:36,14:01:06,FALSE,FALSE,0,20,20,20,60
13,559,572,13:58:54,14:05:36,FALSE,FALSE,0,20,20,20,60
9,578,595,14:00:59,14:02:59,FALSE,FALSE,0,20,20,20,60
10,553,571,14:00:59,14:01:59,FALSE,TRUE,2,20,21,20,61
12,557,594,14:01:25,14:11:30,TRUE,FALSE,1,20,21,21,62
1,593,611,14:02:11,14:05:11,FALSE,FALSE,0,21,21,21,63
4,597,591,14:02:29,14:07:29,FALSE,FALSE,0,21,21,21,63
7,577,617,14:02:38,14:03:38,FALSE,TRUE,2,21,22,21,64
11,554,573,14:04:19,14:08:01,FALSE,TRUE,3,22,22,23,67
15,561,629,14:04:48,14:10:01,FALSE,FALSE,0,22,22,22,66
0,600,612,14:05:36,14:06:36,FALSE,FALSE,0,22,22,22,66
5,603,592,14:06:07,14:08:55,FALSE,TRUE,2,22,23,22,67
3,601,619,14:06:30,14:11:18,TRUE,FALSE,2,23,22,23,68
2,599,615,14:06:48,14:07:48,FALSE,FALSE,0,22,22,22,66
14,613,587,14:07:15,14:08:15,FALSE,FALSE,0,22,22,22,66
10,571,608,14:07:17,14:13:17,FALSE,TRUE,2,22,23,22,67
0,612,614,14:08:36,14:10:36,FALSE,FALSE,0,23,23,23,69
6,588,596,14:08:58,14:11:58,FALSE,TRUE,2,23,24,23,70
9,595,607,14:08:59,14:14:17,FALSE,TRUE,2,24,25,24,73
7,617,610,14:09:38,14:14:08,TRUE,FALSE,2,25,24,25,74
2,615,634,14:09:48,14:11:48,TRUE,FALSE,2,24,23,24,71
8,570,616,14:09:57,14:14:33,FALSE,TRUE,2,23,24,23,70
11,573,576,14:10:01,14:11:01,FALSE,FALSE,0,24,24,24,72
5,592,633,14:10:25,14:13:37,TRUE,FALSE,2,24,23,24,71
4,591,628,14:10:29,14:15:29,FALSE,FALSE,0,23,23,23,69
13,572,586,14:11:36,14:12:36,TRUE,FALSE,3,23,23,22,68
1,611,627,14:12:11,14:19:11,FALSE,FALSE,0,23,23,23,69
6,596,602,14:12:58,14:13:58,TRUE,FALSE,3,23,23,22,68
11,576,589,14:14:01,14:15:01,FALSE,FALSE,0,23,23,23,69
14,587,609,14:14:33,14:22:30,FALSE,FALSE,0,23,23,23,69
2,634,646,14:14:48,14:20:36,FALSE,TRUE,3,23,23,24,70
15,629,590,14:15:25,14:16:25,FALSE,FALSE,0,23,23,23,69
0,614,631,14:15:36,14:20:54,FALSE,FALSE,0,23,23,23,69
12,594,622,14:16:18,14:21:42,FALSE,FALSE,0,23,23,23,69
6,602,630,14:16:58,14:19:58,FALSE,TRUE,2,23,24,23,70
11,589,604,14:18:49,14:21:19,FALSE,FALSE,0,24,24,24,72
3,619,642,14:18:54,14:24:00,FALSE,TRUE,1,25,24,24,73
9,607,605,14:19:17,14:20:17,FALSE,FALSE,0,24,24,24,72
7,610,618,14:19:32,14:22:32,FALSE,FALSE,0,24,24,24,72
8,616,632,14:19:33,14:24:57,TRUE,FALSE,2,24,23,24,71
13,586,606,14:19:36,14:24:00,FALSE,TRUE,2,23,24,23,70
4,628,647,14:19:59,14:24:29,FALSE,FALSE,0,24,24,24,72
10,608,626,14:20:17,14:21:17,TRUE,FALSE,2,24,23,24,71
5,633,650,14:20:37,14:26:25,FALSE,FALSE,0,23,23,23,69
15,590,663,14:21:49,14:27:04,FALSE,FALSE,0,23,23,23,69
1,627,639,14:22:11,14:24:11,FALSE,TRUE,2,23,24,23,70
0,631,645,14:22:24,14:25:06,FALSE,FALSE,0,24,24,24,72
6,630,620,14:22:58,14:24:58,FALSE,FALSE,0,24,24,24,72
7,618,644,14:25:32,14:30:20,FALSE,FALSE,0,24,24,24,72
2,646,667,14:26:36,14:28:36,FALSE,FALSE,0,24,24,24,72
6,620,641,14:26:58,14:31:46,TRUE,FALSE,2,24,23,24,71
14,609,658,14:27:18,14:43:04,FALSE,FALSE,0,23,23,23,69
9,605,621,14:27:29,14:32:17,FALSE,FALSE,0,23,23,23,69
10,626,624,14:27:35,14:30:23,FALSE,FALSE,0,23,23,23,69
12,622,625,14:27:48,14:34:27,TRUE,FALSE,2,23,22,23,68
11,604,623,14:28:19,14:35:03,FALSE,FALSE,0,22,22,22,66
4,647,636,14:28:59,14:29:59,FALSE,FALSE,0,22,22,22,66
1,639,666,14:29:11,14:33:59,TRUE,FALSE,2,22,21,22,65
13,606,652,14:29:24,14:37:57,FALSE,FALSE,0,21,21,21,63
3,642,660,14:30:00,14:31:00,FALSE,FALSE,0,21,21,21,63
8,632,653,14:30:21,14:35:45,FALSE,TRUE,2,21,22,21,64
0,645,657,14:30:30,14:31:30,TRUE,FALSE,2,22,21,22,65
5,650,648,14:30:55,14:32:55,FALSE,FALSE,0,21,21,21,63
10,624,664,14:31:53,14:38:05,FALSE,FALSE,0,21,21,21,63
15,663,680,14:32:04,14:36:56,FALSE,FALSE,0,21,21,21,63
2,667,676,14:34:00,14:38:24,FALSE,FALSE,0,21,21,21,63
4,636,651,14:34:29,14:40:53,FALSE,FALSE,0,21,21,21,63
3,660,679,14:36:18,14:41:42,FALSE,FALSE,0,21,21,21,63
6,641,656,14:36:34,14:38:34,TRUE,FALSE,2,21,20,21,62
0,657,662,14:36:54,14:37:54,FALSE,FALSE,0,20,20,20,60
9,621,635,14:37:17,14:42:17,FALSE,FALSE,0,20,20,20,60
7,644,670,14:37:32,14:45:14,FALSE,FALSE,0,20,20,20,60
11,623,661,14:38:03,14:41:03,FALSE,FALSE,0,20,20,20,60
5,648,659,14:38:19,14:43:43,FALSE,TRUE,2,20,21,20,61
1,666,677,14:38:47,14:41:47,FALSE,TRUE,2,21,22,21,64
12,625,637,14:38:57,14:39:57,FALSE,TRUE,2,22,23,22,67
0,662,695,14:39:54,14:41:54,FALSE,FALSE,0,23,23,23,69
8,653,693,14:41:09,14:47:09,FALSE,FALSE,0,23,23,23,69
4,651,674,14:41:53,14:42:53,TRUE,FALSE,3,23,23,22,68
6,656,672,14:43:22,14:48:10,FALSE,TRUE,2,23,24,23,70
15,680,643,14:43:56,14:50:56,TRUE,FALSE,2,24,23,24,71
2,676,690,14:44:42,14:47:42,TRUE,FALSE,2,23,22,23,68
1,677,683,14:44:47,14:47:47,TRUE,FALSE,2,22,21,22,65
10,664,638,14:45:05,14:48:05,FALSE,FALSE,0,21,21,21,63
13,652,649,14:45:09,14:49:57,FALSE,FALSE,0,21,21,21,63
9,635,640,14:45:17,14:46:17,TRUE,FALSE,3,21,21,20,62
12,637,655,14:45:21,14:50:45,FALSE,FALSE,0,21,21,21,63
5,659,669,14:45:43,14:47:43,FALSE,FALSE,0,21,21,21,63
4,674,694,14:45:53,14:50:41,FALSE,TRUE,2,21,22,21,64
3,679,692,14:47:06,14:49:06,FALSE,FALSE,0,22,22,22,66
11,661,673,14:47:15,14:48:15,TRUE,FALSE,2,22,21,22,65
0,695,698,14:47:18,14:51:42,TRUE,FALSE,2,21,20,21,62
9,640,654,14:49:17,14:50:17,FALSE,TRUE,2,20,21,20,61
14,658,684,14:50:04,15:08:33,FALSE,TRUE,2,21,22,21,64
2,690,705,14:50:42,14:53:42,FALSE,TRUE,2,22,23,22,67
10,638,665,14:51:05,14:54:05,FALSE,FALSE,0,23,23,23,69
7,670,678,14:51:20,14:54:08,FALSE,FALSE,0,23,23,23,69
5,669,687,14:53:01,14:58:01,FALSE,FALSE,0,23,23,23,69
8,693,689,14:53:09,14:55:09,TRUE,FALSE,2,23,22,23,68
6,672,681,14:53:10,14:58:10,TRUE,FALSE,2,22,21,22,65
1,683,708,14:53:47,14:59:47,FALSE,TRUE,2,21,22,21,64
15,643,682,14:53:56,15:02:48,FALSE,TRUE,2,22,23,22,67
3,692,710,14:54:30,14:59:06,FALSE,FALSE,0,23,23,23,69
11,673,671,14:54:33,14:56:33,FALSE,TRUE,2,23,24,23,70
13,649,688,14:54:45,15:02:33,FALSE,TRUE,2,24,25,24,73
12,655,691,14:55:15,14:59:21,TRUE,FALSE,2,25,24,25,74
9,654,668,14:55:17,15:00:17,FALSE,FALSE,0,24,24,24,72
7,678,707,14:55:38,15:00:38,FALSE,FALSE,0,24,24,24,72
4,694,712,14:56:29,14:57:29,FALSE,FALSE,0,24,24,24,72
0,698,715,14:58:00,15:01:00,FALSE,FALSE,0,24,24,24,72
11,671,675,14:58:33,15:03:03,TRUE,FALSE,2,24,23,24,71
10,665,685,14:59:29,15:04:53,FALSE,TRUE,2,23,24,23,70
5,687,702,14:59:31,15:02:19,FALSE,FALSE,0,24,24,24,72
4,712,709,15:00:29,15:01:29,FALSE,FALSE,0,24,24,24,72
2,705,726,15:00:42,15:05:06,FALSE,FALSE,0,24,24,24,72
8,689,704,15:01:09,15:05:39,FALSE,FALSE,0,24,24,24,72
6,681,696,15:01:10,15:02:10,FALSE,FALSE,0,24,24,24,72
0,715,724,15:02:00,15:03:00,FALSE,TRUE,3,24,24,25,73
9,668,730,15:02:17,15:05:17,TRUE,FALSE,2,24,23,24,71
4,709,714,15:03:29,15:04:29,TRUE,FALSE,2,23,22,23,68
3,710,729,15:04:06,15:09:30,TRUE,FALSE,2,22,21,22,65
6,696,706,15:05:10,15:07:10,FALSE,FALSE,0,21,21,21,63
1,708,725,15:05:35,15:09:59,FALSE,FALSE,0,21,21,21,63
7,707,703,15:05:56,15:06:56,FALSE,FALSE,0,21,21,21,63
0,724,722,15:06:00,15:10:30,TRUE,FALSE,2,21,20,21,62
12,691,700,15:06:57,15:10:57,FALSE,TRUE,1,21,20,20,61
11,675,711,15:07:33,15:09:33,FALSE,TRUE,2,20,21,20,61
5,702,738,15:08:19,15:16:19,TRUE,FALSE,1,20,21,21,62
13,688,686,15:08:39,15:10:39,FALSE,FALSE,0,21,21,21,63
15,682,699,15:09:06,15:18:48,FALSE,FALSE,0,21,21,21,63
6,706,728,15:10:10,15:13:10,FALSE,TRUE,3,21,21,22,64
10,685,697,15:10:17,15:16:18,FALSE,FALSE,0,21,21,21,63
4,714,723,15:10:29,15:15:47,FALSE,FALSE,0,21,21,21,63
2,726,740,15:10:30,15:14:00,FALSE,FALSE,0,21,21,21,63
8,704,727,15:11:03,15:14:03,FALSE,FALSE,0,21,21,21,63
9,730,701,15:11:17,15:15:47,FALSE,TRUE,2,21,22,21,64
7,703,720,15:11:26,15:15:56,FALSE,FALSE,0,22,22,22,66
14,684,744,15:13:03,15:15:03,FALSE,FALSE,0,22,22,22,66
13,686,721,15:13:39,15:14:39,TRUE,FALSE,3,22,22,21,65
3,729,743,15:14:54,15:19:54,FALSE,TRUE,2,22,23,22,67
0,722,739,15:15:00,15:17:00,FALSE,FALSE,0,23,23,23,69
1,725,742,15:15:47,15:20:47,FALSE,FALSE,0,23,23,23,69
2,740,741,15:17:30,15:22:18,FALSE,FALSE,0,23,23,23,69
6,728,745,15:17:58,15:23:40,TRUE,FALSE,2,23,22,23,68
7,720,734,15:20:56,15:25:44,FALSE,FALSE,0,22,22,22,66
8,727,717,15:21:03,15:22:03,FALSE,FALSE,0,22,22,22,66
10,697,716,15:21:06,15:24:06,FALSE,TRUE,2,22,23,22,67
9,701,713,15:21:11,15:23:11,FALSE,FALSE,0,23,23,23,69
4,723,732,15:22:05,15:23:05,FALSE,TRUE,2,23,24,23,70
0,739,753,15:22:24,15:27:48,FALSE,FALSE,0,24,24,24,72
5,738,719,15:23:55,15:29:01,FALSE,TRUE,1,25,24,24,73
1,742,747,15:26:11,15:31:05,TRUE,FALSE,2,24,23,24,71
3,743,760,15:27:06,15:30:06,TRUE,FALSE,2,23,22,23,68
7,734,736,15:27:14,15:33:26,FALSE,FALSE,0,22,22,22,66
2,741,737,15:28:06,15:29:06,TRUE,FALSE,3,22,22,21,65
8,717,735,15:28:15,15:34:15,FALSE,FALSE,0,22,22,22,66
9,713,775,15:28:35,15:59:29,FALSE,TRUE,2,22,23,22,67
4,732,733,15:29:23,15:35:41,FALSE,FALSE,0,23,23,23,69
6,745,718,15:29:58,15:31:58,FALSE,TRUE,2,23,24,23,70
0,753,761,15:30:48,15:33:48,FALSE,FALSE,0,24,24,24,72
10,716,769,15:31:18,16:01:54,FALSE,FALSE,0,24,24,24,72
2,737,749,15:32:06,15:34:06,FALSE,FALSE,0,24,24,24,72
6,718,731,15:33:58,15:34:58,TRUE,FALSE,2,24,23,24,71
5,719,748,15:34:19,15:38:49,FALSE,FALSE,0,23,23,23,69
3,760,762,15:34:54,15:37:54,FALSE,FALSE,0,23,23,23,69
1,747,770,15:35:35,15:41:53,FALSE,FALSE,0,23,23,23,69
6,731,751,15:36:58,15:43:10,FALSE,TRUE,2,23,24,23,70
4,733,746,15:38:41,15:39:41,TRUE,FALSE,3,24,24,23,71
8,735,757,15:39:39,15:47:54,FALSE,FALSE,0,24,24,24,72
0,761,756,15:39:48,15:45:06,FALSE,TRUE,2,24,25,24,73
2,749,758,15:40:06,15:45:54,FALSE,FALSE,0,25,25,25,75
7,736,754,15:40:26,15:46:26,TRUE,FALSE,3,25,25,24,74
3,762,764,15:40:54,15:45:42,FALSE,TRUE,2,25,26,25,76
4,746,750,15:42:41,15:45:41,FALSE,TRUE,2,26,27,26,79
5,748,752,15:44:13,15:47:13,FALSE,FALSE,0,27,27,27,81
0,756,778,15:47:06,15:49:06,TRUE,FALSE,2,27,26,27,80
1,770,766,15:48:11,15:49:11,FALSE,TRUE,2,26,27,26,79
6,751,776,15:48:34,15:53:58,FALSE,FALSE,0,27,27,27,81
2,758,786,15:48:54,15:50:54,TRUE,FALSE,2,27,26,27,80
0,778,785,15:51:06,15:55:54,FALSE,FALSE,0,26,26,26,78
4,750,759,15:51:29,15:57:59,FALSE,FALSE,0,26,26,26,78
3,764,768,15:51:30,15:54:30,FALSE,FALSE,0,26,26,26,78
7,754,755,15:51:44,15:52:44,FALSE,TRUE,2,26,27,26,79
8,757,773,15:52:54,15:58:18,FALSE,FALSE,0,27,27,27,81
1,766,779,15:54:11,15:58:47,TRUE,FALSE,2,27,26,27,80
5,752,767,15:54:13,15:59:31,FALSE,TRUE,2,26,27,26,79
2,786,795,15:56:18,16:00:42,FALSE,FALSE,0,27,27,27,81
3,768,777,15:57:30,15:58:30,TRUE,FALSE,3,27,27,26,80
7,755,765,15:58:08,16:04:20,FALSE,TRUE,2,27,28,27,82
6,776,763,15:59:22,16:00:22,FALSE,FALSE,0,28,28,28,84
0,785,780,16:00:42,16:02:42,FALSE,TRUE,2,28,29,28,85
4,759,784,16:00:59,16:05:47,FALSE,FALSE,0,29,29,29,87
8,773,771,16:03:42,16:06:42,TRUE,FALSE,2,29,28,29,86
1,779,792,16:04:05,16:10:23,FALSE,TRUE,2,28,29,28,85
3,777,781,16:05:30,16:13:12,FALSE,TRUE,2,29,30,29,88
5,767,772,16:05:31,16:07:31,FALSE,FALSE,0,30,30,30,90
0,780,790,16:05:42,16:10:00,FALSE,FALSE,0,30,30,30,90
7,765,774,16:06:20,16:09:20,FALSE,FALSE,0,30,30,30,90
2,795,794,16:07:00,16:11:30,FALSE,FALSE,0,30,30,30,90
5,772,788,16:10:31,16:16:19,FALSE,TRUE,3,30,30,31,91
4,784,783,16:10:35,16:16:53,FALSE,FALSE,0,30,30,30,90
0,790,796,16:15:00,16:17:00,FALSE,FALSE,0,30,30,30,90
2,794,782,16:16:00,16:17:00,FALSE,TRUE,2,30,31,30,91
1,792,800,16:16:41,16:17:41,FALSE,FALSE,0,31,31,31,93
3,781,789,16:19:00,16:21:42,FALSE,FALSE,0,31,31,31,93
0,796,787,16:20:30,16:21:30,TRUE,FALSE,1,30,31,31,92
1,800,791,16:22:11,16:23:11,FALSE,FALSE,0,31,31,31,93
2,782,797,16:22:24,16:28:30,FALSE,FALSE,0,31,31,31,93
4,783,799,16:23:53,16:29:41,FALSE,FALSE,0,31,31,31,93
0,787,793,16:25:00,16:27:00,FALSE,TRUE,2,31,32,31,94
3,789,798,16:27:06,16:28:06,FALSE,FALSE,0,32,32,32,96